,batch,urls
0,0-249,https://www.epicurious.com/recipes/food/views/irish-brown-bread-109216
1,0-249,https://www.epicurious.com/recipes/food/views/slow-cooked-pork-with-chickpeas
2,0-249,https://www.epicurious.com/recipes/food/views/instant-pot-caldo-verde
3,0-249,https://www.epicurious.com/recipes/food/views/parmesan-bread-pudding-with-broccoli-rabe-and-pancetta-51155230
4,0-249,https://www.epicurious.com/recipes/food/views/brothy-poached-chicken-with-mushrooms-and-fresh-chile-51260240
5,0-249,https://www.epicurious.com/recipes/food/views/lemony-pasta-with-cauliflower-chickpeas-and-arugula
6,0-249,https://www.epicurious.com/recipes/food/views/old-fashioned-ham-with-brown-sugar-and-mustard-glaze-241636
7,0-249,https://www.epicurious.com/recipes/food/views/polenta-cacio-e-pepe
8,0-249,https://www.epicurious.com/recipes/food/views/curried-lentil-tomato-and-coconut-soup
9,0-249,https://www.epicurious.com/recipes/food/views/cowboy-breakfast-casserole-with-sausage-and-spinach
10,0-249,https://www.epicurious.com/recipes/food/views/chile-marinated-pork-with-vietnamese-brussels-sprouts-51248500
11,0-249,https://www.epicurious.com/recipes/food/views/caramel-apple-drip-cake-with-candied-walnuts
12,0-249,https://www.epicurious.com/recipes/food/views/french-chicken-tarragon
13,0-249,https://www.epicurious.com/recipes/food/views/olive-oil-confit-chicken-with-cipolline-onions
14,0-249,https://www.epicurious.com/recipes/food/views/my-mothers-butter-tomato-and-onion-sauce-395730
15,0-249,https://www.epicurious.com/recipes/food/views/cast-iron-roast-chicken-with-winter-squash-red-onions-and-pancetta
16,0-249,https://www.epicurious.com/recipes/food/views/kale-brussels-sprout-salad-368295
17,0-249,https://www.epicurious.com/recipes/food/views/collard-green-gratin-51198710
18,0-249,https://www.epicurious.com/recipes/food/views/pecan-orange-baklava-pie
19,0-249,https://www.epicurious.com/recipes/food/views/chicken-escabeche-adapted-from-baco-josef-centeno
20,0-249,https://www.epicurious.com/recipes/food/views/tamale-pie-with-fresh-tomato-and-corn
21,0-249,https://www.epicurious.com/recipes/food/views/10-minute-sausage-skillet-with-cherry-tomatoes-and-broccolini
22,0-249,https://www.epicurious.com/recipes/food/views/thai-turkey-meatballs-with-coconut-broth-and-noodles
23,0-249,https://www.epicurious.com/recipes/food/views/summer-corn-tomato-and-salmon-salad-with-zaatar-dressing
24,0-249,https://www.epicurious.com/recipes/food/views/quick-sweet-and-sour-chicken
25,0-249,https://www.epicurious.com/recipes/food/views/frozen-chocolate-bananas-240064
26,0-249,https://www.epicurious.com/recipes/food/views/epi-classic-blueberry-muffins
27,0-249,https://www.epicurious.com/recipes/food/views/homemade-dole-whip
28,0-249,https://www.epicurious.com/recipes/food/views/grilled-shrimp-zucchini-and-tomatoes-with-feta
29,0-249,https://www.epicurious.com/recipes/food/views/3-ingredient-pesto-grilled-chicken-with-peaches
30,0-249,https://www.epicurious.com/recipes/food/views/cucumber-and-tomato-tzatziki-5403
31,0-249,https://www.epicurious.com/recipes/food/views/summer-yellow-squash-zucchini-and-basil-pasta
32,0-249,https://www.epicurious.com/recipes/food/views/one-dish-baked-chicken-with-tomatoes-and-olives
33,0-249,https://www.epicurious.com/recipes/food/views/chile-lime-clams-with-tomatoes-and-grilled-bread
34,0-249,https://www.epicurious.com/recipes/food/views/fresh-corn-quiche-103754
35,0-249,https://www.epicurious.com/recipes/food/views/fettuccine-with-shredded-zucchini-fresh-ricotta-and-lemon-zest-51189620
36,0-249,https://www.epicurious.com/recipes/food/views/salties-soft-scrambled-eggs
37,0-249,https://www.epicurious.com/recipes/food/views/persian-chicken-with-turmeric-and-lime
38,0-249,https://www.epicurious.com/recipes/food/views/sheet-pan-brownie-thins
39,0-249,https://www.epicurious.com/recipes/food/views/the-new-bees-knees-231719
40,0-249,https://www.epicurious.com/recipes/food/views/one-pot-pasta-primavera-with-shrimp
41,0-249,https://www.epicurious.com/recipes/food/views/pound-cake-with-blueberries-and-lavender-syrup-109663
42,0-249,https://www.epicurious.com/recipes/food/views/raspberry-creme-frache-tart-with-lavender-honey-235494
43,0-249,https://www.epicurious.com/recipes/food/views/madeleines-with-lavender-honey-357229
44,0-249,https://www.epicurious.com/recipes/food/views/banana-stuffed-french-toast-14951
45,0-249,https://www.epicurious.com/recipes/food/views/herby-chicken-kofta-meatballs
46,0-249,https://www.epicurious.com/recipes/food/views/spiced-salmon-kebabs-51169490
47,0-249,https://www.epicurious.com/recipes/food/views/crispy-cornmeal-bacon-waffles-109154
48,0-249,https://www.epicurious.com/recipes/food/views/raspberry-and-coconut-breakfast-loaf
49,0-249,https://www.epicurious.com/recipes/food/views/skirt-steak-and-horseradish-potato-salad-354291
50,0-249,https://www.epicurious.com/recipes/food/views/potato-leek-and-pea-pot-pies-with-spinach-arugula-salad
51,0-249,https://www.epicurious.com/recipes/food/views/artichoke-and-feta-tarts-51160680
52,0-249,https://www.epicurious.com/recipes/food/views/flattened-pork-chops-with-greens-and-mustard-pan-sauce-51255250
53,0-249,https://www.epicurious.com/recipes/food/views/pasta-with-shrimp-in-tomato-cream
54,0-249,https://www.epicurious.com/recipes/food/views/spring-pea-butter-with-shallot-and-lemon
55,0-249,https://www.epicurious.com/recipes/food/views/green-goddess-buddha-bowl
56,0-249,https://www.epicurious.com/recipes/food/views/crispy-chicken-thighs-with-spring-vegetables
57,0-249,https://www.epicurious.com/recipes/food/views/one-skillet-steak-and-spring-veg-with-spicy-mustard
58,0-249,https://www.epicurious.com/recipes/food/views/one-skillet-roasted-butternut-squash-with-spiced-chickpeas
59,0-249,https://www.epicurious.com/recipes/food/views/olive-oil-basted-fried-eggs
60,0-249,https://www.epicurious.com/recipes/food/views/one-skillet-baked-chicken-thighs-with-orzo-and-fennel
61,0-249,https://www.epicurious.com/recipes/food/views/pappardelle-pasta-with-chicken-ragu-fennel-and-peas
62,0-249,https://www.epicurious.com/recipes/food/views/chicken-and-artichoke-fricassee-with-morel-mushrooms-237905
63,0-249,https://www.epicurious.com/recipes/food/views/artichokes-braised-in-lemon-and-olive-oil-350606
64,0-249,https://www.epicurious.com/recipes/food/views/herb-crusted-cauliflower-steaks-with-beans-and-tomatoes
65,0-249,https://www.epicurious.com/recipes/food/views/cheesy-chicken-enchilada-skillet
66,0-249,https://www.epicurious.com/recipes/food/views/sheet-pan-pasta-bake-with-chicken-and-kale
67,0-249,https://www.epicurious.com/recipes/food/views/easy-fried-rice-with-chicken-and-broccolini
68,0-249,https://www.epicurious.com/recipes/food/views/easter-egg-cake-with-strawberry-frosting
69,0-249,https://www.epicurious.com/recipes/food/views/classic-carrot-coconut-cake
70,0-249,https://www.epicurious.com/recipes/food/views/tzimmes-chicken-with-apricots-prunes-and-carrots
71,0-249,https://www.epicurious.com/recipes/food/views/caesar-salad-51160630
72,0-249,https://www.epicurious.com/recipes/food/views/spanish-frittata-with-herby-yogurt-and-greens
73,0-249,https://www.epicurious.com/recipes/food/views/spiced-moroccan-vegetable-soup-with-chickpeas-cilantro-and-lemon-harira
74,0-249,https://www.epicurious.com/recipes/food/views/jam-bars
75,0-249,https://www.epicurious.com/recipes/food/views/our-favorite-meatloaf
76,0-249,https://www.epicurious.com/recipes/food/views/chocolate-filled-croissants-104000
77,0-249,https://www.epicurious.com/recipes/food/views/stuffed-sweet-potatoes-with-beans-and-guacamole
78,0-249,https://www.epicurious.com/recipes/food/views/slow-cooked-pork-shoulder-with-braised-white-beans
79,0-249,https://www.epicurious.com/recipes/food/views/bacon-and-egg-casserole
80,0-249,https://www.epicurious.com/recipes/food/views/easy-general-tsos-chicken
81,0-249,https://www.epicurious.com/recipes/food/views/chocolate-satin
82,0-249,https://www.epicurious.com/recipes/food/views/homemade-instant-mac-and-cheese
83,0-249,https://www.epicurious.com/recipes/food/views/tuna-and-artichoke-cooler-pressed-sandwiches-238871
84,0-249,https://www.epicurious.com/recipes/food/views/cauliflower-crust-pizza-with-tomatoes-and-mozzarella
85,0-249,https://www.epicurious.com/recipes/food/views/chickpea-crepe-tacos-with-eggplant-and-lamb
86,0-249,https://www.epicurious.com/recipes/food/views/homemade-american-cheese
87,0-249,https://www.epicurious.com/recipes/food/views/bananas-foster-351929
88,0-249,https://www.epicurious.com/recipes/food/views/fast-favorite-garlic-dill-pickles-230707
89,0-249,https://www.epicurious.com/recipes/food/views/istanbul-style-wet-burger-islak-burger
90,0-249,https://www.epicurious.com/recipes/food/views/spaghetti-aglio-e-olio-with-lots-of-kale
91,0-249,https://www.epicurious.com/recipes/food/views/wild-mushroom-and-parsnip-ragout-with-cheesy-polenta
92,0-249,https://www.epicurious.com/recipes/food/views/midnight-puppy-chow
93,0-249,https://www.epicurious.com/recipes/food/views/amayas-migas
94,0-249,https://www.epicurious.com/recipes/food/views/charred-chicken-with-sweet-potatoes-and-oranges
95,0-249,https://www.epicurious.com/recipes/food/views/mirror-cake-glaze
96,0-249,https://www.epicurious.com/recipes/food/views/slow-cooker-green-chicken-chili
97,0-249,https://www.epicurious.com/recipes/food/views/3-ingredient-cheese-sauce
98,0-249,https://www.epicurious.com/recipes/food/views/sweet-potato-fritters-with-poached-eggs-and-avocado
99,0-249,https://www.epicurious.com/recipes/food/views/cabbage-stir-fry-with-coconut-and-lemon
100,0-249,https://www.epicurious.com/recipes/food/views/lamb-fry
101,0-249,https://www.epicurious.com/recipes/food/views/chicken-coconut-curry-in-a-hurry
102,0-249,https://www.epicurious.com/recipes/food/views/vegetarian-buffalo-meatballs-with-blue-cheese-dip
103,0-249,https://www.epicurious.com/recipes/food/views/crispy-chicken-and-potatoes-with-cabbage-slaw
104,0-249,https://www.epicurious.com/recipes/food/views/shrimp-poached-in-coconut-milk-with-fresh-herbs-yerra-moolee
105,0-249,https://www.epicurious.com/recipes/food/views/cumin-scented-potatoes-with-tomatoes-ghurma-aloo
106,0-249,https://www.epicurious.com/recipes/food/views/very-versatile-baked-beans-with-cabbage
107,0-249,https://www.epicurious.com/recipes/food/views/vegetarian-miso-tahini-squash-soup-with-brown-rice
108,0-249,https://www.epicurious.com/recipes/food/views/shrimp-with-herby-white-beans-and-tomatoes
109,0-249,https://www.epicurious.com/recipes/food/views/creamy-mushroom-lasagna
110,0-249,https://www.epicurious.com/recipes/food/views/instant-pot-vietnamese-chicken-noodle-soup-pho-ga
111,0-249,https://www.epicurious.com/recipes/food/views/grapefruit-sparkling-water
112,0-249,https://www.epicurious.com/recipes/food/views/navy-bean-escarole-stew-with-feta-and-olives
113,0-249,https://www.epicurious.com/recipes/food/views/one-pot-curried-cauliflower-with-couscous-and-chickpeas
114,0-249,https://www.epicurious.com/recipes/food/views/grain-bowl-with-spiced-squash-mushrooms-and-curried-yogurt
115,0-249,https://www.epicurious.com/recipes/food/views/braised-chicken-thighs-with-squash-and-mustard-greens
116,0-249,https://www.epicurious.com/recipes/food/views/midnight-sparkler-cocktail
117,0-249,https://www.epicurious.com/recipes/food/views/porcini-rubbed-beef-rib-roast
118,0-249,https://www.epicurious.com/recipes/food/views/roasted-quinoa-and-tomato-soup-with-parmesan-wafers-and-crispy-basil
119,0-249,https://www.epicurious.com/recipes/food/views/dark-chocolate-tahini-truffles
120,0-249,https://www.epicurious.com/recipes/food/views/cauliflower-couscous-with-dried-fruit-and-almonds
121,0-249,https://www.epicurious.com/recipes/food/views/green-curry-pork-tenderloin
122,0-249,https://www.epicurious.com/recipes/food/views/broiled-cod-with-fennel-and-orange
123,0-249,https://www.epicurious.com/recipes/food/views/yorkshire-pudding
124,0-249,https://www.epicurious.com/recipes/food/views/steak-au-poivre
125,0-249,https://www.epicurious.com/recipes/food/views/cider-braised-chicken-with-apples-and-kale
126,0-249,https://www.epicurious.com/recipes/food/views/vegetarian-brown-rice-salad-with-parsnips-and-whipped-ricotta
127,0-249,https://www.epicurious.com/recipes/food/views/cranberry-lime-pie
128,0-249,https://www.epicurious.com/recipes/food/views/skillet-phyllo-pie-with-butternut-squash-kale-and-goat-cheese
129,0-249,https://www.epicurious.com/recipes/food/views/weeknight-mapo-tofu-with-ground-pork
130,0-249,https://www.epicurious.com/recipes/food/views/kale-and-cucumber-salad-with-roasted-ginger-dressing
131,0-249,https://www.epicurious.com/recipes/food/views/smoked-salmon-7-layer-dip
132,0-249,https://www.epicurious.com/recipes/food/views/seedy-oat-crackers
133,0-249,https://www.epicurious.com/recipes/food/views/kabocha-squash-and-pork-stir-fry
134,0-249,https://www.epicurious.com/recipes/food/views/roasted-winter-vegetable-baklava-350885
135,0-249,https://www.epicurious.com/recipes/food/views/spiced-hazelnut-pear-cake-with-chocolate-sauce
136,0-249,https://www.epicurious.com/recipes/food/views/our-favorite-creamy-mashed-potatoes
137,0-249,https://www.epicurious.com/recipes/food/views/overnight-waffles
138,0-249,https://www.epicurious.com/recipes/food/views/everyday-pancakes
139,0-249,https://www.epicurious.com/recipes/food/views/white-chicken-chili
140,0-249,https://www.epicurious.com/recipes/food/views/chicken-pot-tot-hotdish
141,0-249,https://www.epicurious.com/recipes/food/views/pork-tenderloin-with-turmeric-squash-and-collard-greens-salad
142,0-249,https://www.epicurious.com/recipes/food/views/wonton-soup-with-mushroom-zucchini-meatballs
143,0-249,https://www.epicurious.com/recipes/food/views/leek-and-potato-galette-with-pistachio-crust
144,0-249,https://www.epicurious.com/recipes/food/views/bas-best-eggplant-parmesan
145,0-249,https://www.epicurious.com/recipes/food/views/sausage-greens-and-beans-pasta
146,0-249,https://www.epicurious.com/recipes/food/views/pasta-with-mushrooms-and-prosciutto
147,0-249,https://www.epicurious.com/recipes/food/views/kimchi-udon-with-scallions
148,0-249,https://www.epicurious.com/recipes/food/views/poached-cod-with-potatoes-and-leeks
149,0-249,https://www.epicurious.com/recipes/food/views/orange-sweet-rolls
150,0-249,https://www.epicurious.com/recipes/food/views/ricotta-pumpkin-gnocchi-with-brown-butter
151,0-249,https://www.epicurious.com/recipes/food/views/slow-cooker-white-chicken-chili
152,0-249,https://www.epicurious.com/recipes/food/views/apple-cranberry-crisp-with-oatmeal-cookie-crumble
153,0-249,https://www.epicurious.com/recipes/food/views/beef-and-potato-pasties
154,0-249,https://www.epicurious.com/recipes/food/views/pumpkin-and-cookie-butter-sheet-cake-with-toasted-meringue
155,0-249,https://www.epicurious.com/recipes/food/views/pull-apart-bread-with-pumpkin-and-spinach
156,0-249,https://www.epicurious.com/recipes/food/views/twice-baked-butternut-squash-with-parmesan-cream-and-candied-bacon
157,0-249,https://www.epicurious.com/recipes/food/views/black-eyed-peas-with-chard-and-green-herb-smash
158,0-249,https://www.epicurious.com/recipes/food/views/seared-savoy-cabbage-with-mixed-sausages-51122440
159,0-249,https://www.epicurious.com/recipes/food/views/chewy-coconut-chocolate-chip-cookies
160,0-249,https://www.epicurious.com/recipes/food/views/sunday-sauce-with-braciole-meatballs-and-sausage
161,0-249,https://www.epicurious.com/recipes/food/views/maple-old-fashioned
162,0-249,https://www.epicurious.com/recipes/food/views/four-cheese-manicotti
163,0-249,https://www.epicurious.com/recipes/food/views/quick-baked-chicken-parmesan
164,0-249,https://www.epicurious.com/recipes/food/views/cauliflower-mac-n-cheese-casserole
165,0-249,https://www.epicurious.com/recipes/food/views/coconut-beef-curry
166,0-249,https://www.epicurious.com/recipes/food/views/3-ingredient-pumpkin-mousse
167,0-249,https://www.epicurious.com/recipes/food/views/rustic-loaf
168,0-249,https://www.epicurious.com/recipes/food/views/easy-beef-lo-mein
169,0-249,https://www.epicurious.com/recipes/food/views/grilled-steak-panzanella-salad-with-tomato-vinaigrette
170,0-249,https://www.epicurious.com/recipes/food/views/slow-cooker-pork-shoulder-with-zesty-basil-sauce
171,0-249,https://www.epicurious.com/recipes/food/views/blt-casserole
172,0-249,https://www.epicurious.com/recipes/food/views/chile-jam-chicken-with-caramelized-sweet-potatoes-and-peaches
173,0-249,https://www.epicurious.com/recipes/food/views/zucchini-noodles-with-eggplant-and-tomatoes
174,0-249,https://www.epicurious.com/recipes/food/views/roasted-red-peppers-and-cherry-tomatoes-with-ricotta
175,0-249,https://www.epicurious.com/recipes/food/views/blistered-green-beans-with-garlic-and-miso
176,0-249,https://www.epicurious.com/recipes/food/views/spaghetti-with-tomato-and-walnut-pesto
177,0-249,https://www.epicurious.com/recipes/food/views/coconut-cream-pie
178,0-249,https://www.epicurious.com/recipes/food/views/quick-pork-ramen-with-carrots-zucchini-and-bok-choy
179,0-249,https://www.epicurious.com/recipes/food/views/chilled-beet-soup-with-buttermilk-cucumbers-and-dill-chlodnik
180,0-249,https://www.epicurious.com/recipes/food/views/creamy-avocado-dip-with-scallions
181,0-249,https://www.epicurious.com/recipes/food/views/veggie-burgers-with-zucchini-and-corn
182,0-249,https://www.epicurious.com/recipes/food/views/mini-frozen-key-lime-pies
183,0-249,https://www.epicurious.com/recipes/food/views/salted-caramel-ding-dong-cake-51118070
184,0-249,https://www.epicurious.com/recipes/food/views/double-layer-vanilla-buttermilk-cake-with-raspberries-and-orange-cream-cheese-frosting
185,0-249,https://www.epicurious.com/recipes/food/views/indian-spiced-chicken-eggplant-and-tomato-skewers
186,0-249,https://www.epicurious.com/recipes/food/views/steakburger-with-tangy-caramelized-onions-and-herb-butter
187,0-249,https://www.epicurious.com/recipes/food/views/diner-style-bacon-for-a-crowd
188,0-249,https://www.epicurious.com/recipes/food/views/cold-brew-coffee
189,0-249,https://www.epicurious.com/recipes/food/views/seared-scallops-with-mint-peas-and-bacon
190,0-249,https://www.epicurious.com/recipes/food/views/beer-can-cabbage-sandwiches
191,0-249,https://www.epicurious.com/recipes/food/views/diner-style-buttermilk-pancakes
192,0-249,https://www.epicurious.com/recipes/food/views/gluten-free-almond-apricot-food-processor-cake
193,0-249,https://www.epicurious.com/recipes/food/views/one-bowl-milk-chocolate-cake-with-chocolate-caramel-frosting
194,0-249,https://www.epicurious.com/recipes/food/views/strawberry-shortcake-with-thyme-and-whipped-cream
195,0-249,https://www.epicurious.com/recipes/food/views/vietnamese-style-pork-chops-with-fresh-herb-salad
196,0-249,https://www.epicurious.com/recipes/food/views/no-bake-energy-bites-with-ginger-and-turmeric
197,0-249,https://www.epicurious.com/recipes/food/views/korean-style-grain-bowls-with-spicy-marinated-steak
198,0-249,https://www.epicurious.com/recipes/food/views/frozen-yogurt-bark
199,0-249,https://www.epicurious.com/recipes/food/views/crunchy-veg-bowl-with-warm-peanut-sauce
200,0-249,https://www.epicurious.com/recipes/food/views/cracked-farro-and-broccoli-salad
201,0-249,https://www.epicurious.com/recipes/food/views/pork-carnitas-tacos
202,0-249,https://www.epicurious.com/recipes/food/views/porchetta-style-roast-pork-359336
203,0-249,https://www.epicurious.com/recipes/food/views/peruvian-style-roast-chicken-with-tangy-green-sauce
204,0-249,https://www.epicurious.com/recipes/food/views/chipotle-coffee-steak-salad-with-grilled-corn-and-tomatoes
205,0-249,https://www.epicurious.com/recipes/food/views/homemade-cheese-with-garlic-and-herbs
206,0-249,https://www.epicurious.com/recipes/food/views/paleo-granola-with-coconut-and-almonds
207,0-249,https://www.epicurious.com/recipes/food/views/braised-rotisserie-chicken-with-bacon-tomatoes-and-kale
208,0-249,https://www.epicurious.com/recipes/food/views/cherry-cornmeal-upside-down-cake-242516
209,0-249,https://www.epicurious.com/recipes/food/views/buttery-roast-chicken
210,0-249,https://www.epicurious.com/recipes/food/views/hillstone-iron-skillet-cornbread
211,0-249,https://www.epicurious.com/recipes/food/views/croque-madame-casserole-with-ham-and-gruyere
212,0-249,https://www.epicurious.com/recipes/food/views/skillet-chicken-and-zucchini-enchiladas-with-tomatillo-sauce
213,0-249,https://www.epicurious.com/recipes/food/views/easy-green-curry-with-chicken-bell-pepper-and-sugar-snap-peas
214,0-249,https://www.epicurious.com/recipes/food/views/grain-bowls-with-chicken-spiced-chickpeas-and-avocado
215,0-249,https://www.epicurious.com/recipes/food/views/lemony-chicken-soup-with-farro-white-beans-and-kale
216,0-249,https://www.epicurious.com/recipes/food/views/broiled-salmon-with-scallions-and-sesame
217,0-249,https://www.epicurious.com/recipes/food/views/cauliflower-rice-tabbouleh
218,0-249,https://www.epicurious.com/recipes/food/views/chickpea-salad-sandwich-with-creamy-carrot-radish-slaw
219,0-249,https://www.epicurious.com/recipes/food/views/dill-crusted-pork-tenderloin-with-farro-pea-and-blistered-tomato-salad
220,0-249,https://www.epicurious.com/recipes/food/views/3-ingredient-peanut-butter-cookies
221,0-249,https://www.epicurious.com/recipes/food/views/eggs-baked-in-crispy-prosciutto-baskets-recipe
222,0-249,https://www.epicurious.com/recipes/food/views/3-ingredient-tomato-soup
223,0-249,https://www.epicurious.com/recipes/food/views/flourless-almond-blueberry-muffins
224,0-249,https://www.epicurious.com/recipes/food/views/braised-chicken-with-asparagus-peas-and-melted-leeks
225,0-249,https://www.epicurious.com/recipes/food/views/almond-cookies-with-cardamom-orange-zest-and-pistachios
226,0-249,https://www.epicurious.com/recipes/food/views/shaved-carrot-and-radish-salad-with-herbs-and-pumpkin-seeds
227,0-249,https://www.epicurious.com/recipes/food/views/semolina-lemon-syrup-cakes
228,0-249,https://www.epicurious.com/recipes/food/views/three-ingredient-sweet-and-savory-short-ribs
229,0-249,https://www.epicurious.com/recipes/food/views/lemon-roasted-salmon-with-escarole-asparagus-and-potatoes
230,0-249,https://www.epicurious.com/recipes/food/views/jalapeno-and-lime-marinated-skirt-steak-tacos
231,0-249,https://www.epicurious.com/recipes/food/views/coconut-key-lime-sheet-cake
232,0-249,https://www.epicurious.com/recipes/food/views/aromatic-shrimp-and-noodle-medicine-soup
233,0-249,https://www.epicurious.com/recipes/food/views/hoisin-glazed-pork-chops
234,0-249,https://www.epicurious.com/recipes/food/views/golden-milk-turmeric-tea
235,0-249,https://www.epicurious.com/recipes/food/views/coconut-date-power-breakfast-bars
236,0-249,https://www.epicurious.com/recipes/food/views/brisket-with-pomegranate-walnut-sauce-and-pistachio-gremolata
237,0-249,https://www.epicurious.com/recipes/food/views/chocolate-creme-egg-tart
238,0-249,https://www.epicurious.com/recipes/food/views/microwave-egg-sandwich-with-cheddar-and-avocado
239,0-249,https://www.epicurious.com/recipes/food/views/roast-chicken-with-smothered-cabbage-bacon-and-potatoes
240,0-249,https://www.epicurious.com/recipes/food/views/green-pea-asparagus-and-parsley-soup
241,0-249,https://www.epicurious.com/recipes/food/views/irish-lamb-stew-with-pearl-barley
242,0-249,https://www.epicurious.com/recipes/food/views/green-bean-nicoise-salad
243,0-249,https://www.epicurious.com/recipes/food/views/cider-brined-mustard-glazed-pork-loin
244,0-249,https://www.epicurious.com/recipes/food/views/gochujang-braised-chicken-and-crispy-rice
245,0-249,https://www.epicurious.com/recipes/food/views/naturally-dyed-pickled-easter-eggs
246,0-249,https://www.epicurious.com/recipes/food/views/sumo-stew-chanko-nabe-with-shrimp-meatballs-and-bok-choy
247,0-249,https://www.epicurious.com/recipes/food/views/chicken-meatballs-with-ginger-and-miso
248,0-249,https://www.epicurious.com/recipes/food/views/fudgy-gluten-free-cream-cheese-brownies
249,0-249,https://www.epicurious.com/recipes/food/views/simple-shrimp-coconut-and-eggplant-curry
250,0-249,https://www.epicurious.com/recipes/food/views/tadka-dhal
251,0-249,https://www.epicurious.com/recipes/food/views/quick-sweet-potato-mushroom-and-black-bean-burrito
252,0-249,https://www.epicurious.com/recipes/food/views/our-favorite-chocolate-chip-cookies
253,0-249,https://www.epicurious.com/recipes/food/views/chocolate-raspberry-souffle
254,0-249,https://www.epicurious.com/recipes/food/views/red-wine-braised-chicken-with-chorizo-and-chickpeas
255,0-249,https://www.epicurious.com/recipes/food/views/epis-50-ingredient-super-bowl-nachos
256,0-249,https://www.epicurious.com/recipes/food/views/the-winterized-penicillin
257,0-249,https://www.epicurious.com/recipes/food/views/jelly-doughnuts-108706
258,0-249,https://www.epicurious.com/recipes/food/views/pasta-e-fagioli-with-escarole
259,0-249,https://www.epicurious.com/recipes/food/views/ba-best-bread
260,0-249,https://www.epicurious.com/recipes/food/views/persian-spiced-chicken-with-spaghetti-squash-pomegranate-and-pistachios
261,0-249,https://www.epicurious.com/recipes/food/views/cheesy-baked-spaghetti-squash-boats-with-salami-sundried-tomatoes-and-spinach
262,0-249,https://www.epicurious.com/recipes/food/views/vietnamese-style-spaghetti-squash-noodle-bowls-with-skirt-steak
263,0-249,https://www.epicurious.com/recipes/food/views/shawarma-spiced-chicken-pita-with-tahini-yogurt-sauce
264,0-249,https://www.epicurious.com/recipes/food/views/homemade-hot-chocolate-mix
265,0-249,https://www.epicurious.com/recipes/food/views/quick-sesame-chicken-with-broccoli
266,0-249,https://www.epicurious.com/recipes/food/views/cauliflower-with-pumpkin-seeds-brown-butter-and-lime
267,0-249,https://www.epicurious.com/recipes/food/views/crispy-chicken-stew-with-lemon-artichokes-capers-and-olives
268,0-249,https://www.epicurious.com/recipes/food/views/herby-barley-salad-with-butter-basted-mushrooms
269,0-249,https://www.epicurious.com/recipes/food/views/chili-meatballs-in-black-bean-and-tomato-sauce-56390071
270,0-249,https://www.epicurious.com/recipes/food/views/curried-meatballs
271,0-249,https://www.epicurious.com/recipes/food/views/crispy-chicken-thighs-with-bacon-and-wilted-escarole
272,0-249,https://www.epicurious.com/recipes/food/views/salmon-teriyaki
273,0-249,https://www.epicurious.com/recipes/food/views/savory-mushroom-and-parmesan-palmiers
274,0-249,https://www.epicurious.com/recipes/food/views/luxe-french-potatoes
275,0-249,https://www.epicurious.com/recipes/food/views/sunshine-cake
276,0-249,https://www.epicurious.com/recipes/food/views/quiche-sardou
277,0-249,https://www.epicurious.com/recipes/food/views/triple-ginger-cream-sandwiches
278,0-249,https://www.epicurious.com/recipes/food/views/brussels-sprouts-with-bacon-jam
279,0-249,https://www.epicurious.com/recipes/food/views/blue-smoke-bloody-mary
280,0-249,https://www.epicurious.com/recipes/food/views/roasted-apricot-chicken-with-mint-and-sage-butternut-squash
281,0-249,https://www.epicurious.com/recipes/food/views/new-york-strip-roast-with-rosemary-orange-crust-and-herbed-butter
282,0-249,https://www.epicurious.com/recipes/food/views/salted-coconut-granola
283,0-249,https://www.epicurious.com/recipes/food/views/smoked-salmon-rillettes
284,0-249,https://www.epicurious.com/recipes/food/views/honey-glazed-carrots-with-carrot-top-gremolata
285,0-249,https://www.epicurious.com/recipes/food/views/chocolate-cinnamon-and-hazelnut-thumbprints
286,0-249,https://www.epicurious.com/recipes/food/views/pasta-with-delicata-squash-and-sage-brown-butter
287,0-249,https://www.epicurious.com/recipes/food/views/pasta-with-smoky-pumpkin-cream-sauce
288,0-249,https://www.epicurious.com/recipes/food/views/pasta-with-spicy-sausage-radicchio-and-sun-dried-tomatoes
289,0-249,https://www.epicurious.com/recipes/food/views/buche-de-noel
290,0-249,https://www.epicurious.com/recipes/food/views/portobello-and-poblano-enchiladas
291,0-249,https://www.epicurious.com/recipes/food/views/spiced-sweet-potato-and-parsnip-tian
292,0-249,https://www.epicurious.com/recipes/food/views/garlic-aioli-roasted-turkey-with-lemon-parsley-au-jus
293,0-249,https://www.epicurious.com/recipes/food/views/gluten-free-chocolate-tea-cake
294,0-249,https://www.epicurious.com/recipes/food/views/cranberry-cherry-compote
295,0-249,https://www.epicurious.com/recipes/food/views/swedish-cardamom-rolls-14327
296,0-249,https://www.epicurious.com/recipes/food/views/pistachio-cardamom-butter-cookies
297,0-249,https://www.epicurious.com/recipes/food/views/falafel-mushroom-loaf
298,0-249,https://www.epicurious.com/recipes/food/views/kale-salad-with-brussels-sprouts-apples-and-hazelnuts
299,0-249,https://www.epicurious.com/recipes/food/views/deep-dish-maple-bourbon-cream-pie
300,0-249,https://www.epicurious.com/recipes/food/views/sweet-potato-macaroni-and-cheese
301,0-249,https://www.epicurious.com/recipes/food/views/escarole-pear-parmesan-and-basil-leaf-salad-56390156
302,0-249,https://www.epicurious.com/recipes/food/views/pumpkin-icebox-pie-with-snickerdoodle-crust-56390159
303,0-249,https://www.epicurious.com/recipes/food/views/cider-bacon-and-golden-raisin-stuffing
304,0-249,https://www.epicurious.com/recipes/food/views/gluten-free-multi-purpose-sweet-pastry-dough
305,0-249,https://www.epicurious.com/recipes/food/views/cracked-black-pepper-pull-apart-biscuits
306,0-249,https://www.epicurious.com/recipes/food/views/layered-apple-pie-with-phyllo-crust-56390160
307,0-249,https://www.epicurious.com/recipes/food/views/roasted-carrots-and-red-onions-with-fennel-and-mint
308,0-249,https://www.epicurious.com/recipes/food/views/tomato-and-cannellini-bean-soup
309,0-249,https://www.epicurious.com/recipes/food/views/penne-with-roasted-butternut-squash
310,0-249,https://www.epicurious.com/recipes/food/views/almond-kale-and-banana-smoothie
311,0-249,https://www.epicurious.com/recipes/food/views/chicken-and-caraway-schnitzel-with-buttermilk-spaetzle-56390068
312,0-249,https://www.epicurious.com/recipes/food/views/frisee-and-carrot-ribbon-salad-with-zaatar-lemon-vinaigrette-56390157
313,0-249,https://www.epicurious.com/recipes/food/views/salted-caramel-chocolate-brownie-56390087
314,0-249,https://www.epicurious.com/recipes/food/views/quinoa-lime-and-chili-crumbed-snapper-with-sweet-potato-wedges-56390086
315,0-249,https://www.epicurious.com/recipes/food/views/crispy-chicken-wings-56390078
316,0-249,https://www.epicurious.com/recipes/food/views/chorizo-bolognese-with-buffalo-mozzarella-56390074
317,0-249,https://www.epicurious.com/recipes/food/views/tarragon-and-lemon-roast-chicken-56390090
318,0-249,https://www.epicurious.com/recipes/food/views/chocolate-pecan-and-pumpkin-seed-pie-with-gingersnap-crust-56390158
319,0-249,https://www.epicurious.com/recipes/food/views/thai-coconut-broccoli-and-coriander-soup-56390092
320,0-249,https://www.epicurious.com/recipes/food/views/salmon-with-caper-anchovy-butter-103120
321,0-249,https://www.epicurious.com/recipes/food/views/artichoke-spinach-and-prosciutto-flatbreads-with-spicy-honey
322,0-249,https://www.epicurious.com/recipes/food/views/balsamic-short-ribs-56390065
323,0-249,https://www.epicurious.com/recipes/food/views/spiced-pork-tenderloin-with-cherry-thyme-pan-sauce
324,0-249,https://www.epicurious.com/recipes/food/views/kale-salad-with-roasted-butternut-squash-pomegranate-and-pumpkin-seeds
325,0-249,https://www.epicurious.com/recipes/food/views/vegducken
326,0-249,https://www.epicurious.com/recipes/food/views/creamy-cauliflower-dip
327,0-249,https://www.epicurious.com/recipes/food/views/fried-chicken-cutlet-sandwich-with-buttermilk-slaw-and-herbed-mayo-56390155
328,0-249,https://www.epicurious.com/recipes/food/views/sole-meuniere-with-rice-pilaf-56389967
329,0-249,https://www.epicurious.com/recipes/food/views/barley-stuffed-peppers-56390145
330,0-249,https://www.epicurious.com/recipes/food/views/green-posole-with-cod-and-cilantro-56390057
331,0-249,https://www.epicurious.com/recipes/food/views/spiced-chai-bundt-cake-56390089
332,0-249,https://www.epicurious.com/recipes/food/views/chicken-leg-confit-with-potatoes-and-escarole-56390118
333,0-249,https://www.epicurious.com/recipes/food/views/spiced-pear-upside-down-cake-56390111
334,0-249,https://www.epicurious.com/recipes/food/views/fresh-herb-falafel-56390104
335,0-249,https://www.epicurious.com/recipes/food/views/mushroom-and-burrata-lasagnette-56390115
336,0-249,https://www.epicurious.com/recipes/food/views/chocolate-plum-cake-56390135
337,0-249,https://www.epicurious.com/recipes/food/views/22-minute-pad-thai-56390107
338,0-249,https://www.epicurious.com/recipes/food/views/pasta-with-15-minute-garlic-oil-and-anchovy-sauce-56390061
339,0-249,https://www.epicurious.com/recipes/food/views/pasta-with-15-minute-meat-sauce-56390063
340,0-249,https://www.epicurious.com/recipes/food/views/pasta-with-15-minute-burst-cherry-tomato-sauce-56390060
341,0-249,https://www.epicurious.com/recipes/food/views/pasta-with-15-minute-ham-pea-and-cream-sauce-56390064
342,0-249,https://www.epicurious.com/recipes/food/views/fresh-corn-carbonara-56390011
343,0-249,https://www.epicurious.com/recipes/food/views/chilled-coconut-corn-soup-56390010
344,0-249,https://www.epicurious.com/recipes/food/views/shrimp-and-grits-fritters-56390012
345,0-249,https://www.epicurious.com/recipes/food/views/french-bread-pizzas-with-mozzarella-and-pepperoni-56390008
346,0-249,https://www.epicurious.com/recipes/food/views/sheet-pan-skirt-steak-with-balsamic-vinaigrette-broccolini-and-white-beans-56390002
347,0-249,https://www.epicurious.com/recipes/food/views/sheet-pan-chicken-saltimbocca-with-roasted-potatoes-and-crispy-kale-56390004
348,0-249,https://www.epicurious.com/recipes/food/views/sheet-pan-crispy-fish-tacos-with-chili-roasted-corn-56390001
349,0-249,https://www.epicurious.com/recipes/food/views/sheet-pan-spaghetti-squash-puttanesca-56390005
350,0-249,https://www.epicurious.com/recipes/food/views/sheet-pan-cumin-chicken-thighs-with-squash-fennel-and-grapes-56390000
351,0-249,https://www.epicurious.com/recipes/food/views/rack-roasted-chicken-56389991
352,0-249,https://www.epicurious.com/recipes/food/views/dark-chocolate-mousse-56389988
353,0-249,https://www.epicurious.com/recipes/food/views/israeli-style-hummus-56389984
354,0-249,https://www.epicurious.com/recipes/food/views/sesame-peanut-bars-56389975
355,0-249,https://www.epicurious.com/recipes/food/views/dry-rubbed-flank-steak-with-grilled-corn-salsa-56389977
356,0-249,https://www.epicurious.com/recipes/food/views/no-churn-salted-caramel-ice-cream-56389941
357,0-249,https://www.epicurious.com/recipes/food/views/homemade-dump-cake-with-peaches-blueberries-and-pecans-56389935
358,0-249,https://www.epicurious.com/recipes/food/views/homemade-yellow-cake-56389933
359,0-249,https://www.epicurious.com/recipes/food/views/james-beards-zucchini-bread-56389932
360,0-249,https://www.epicurious.com/recipes/food/views/three-ingredient-japanese-cheesecake-56389916
361,0-249,https://www.epicurious.com/recipes/food/views/slow-roasted-black-cod-with-red-chermoula-56389891
362,0-249,https://www.epicurious.com/recipes/food/views/farmers-market-quinoa-salad-56389873
363,0-249,https://www.epicurious.com/recipes/food/views/falafel-spiced-tomatoes-and-chickpeas-on-flatbread-56389870
364,0-249,https://www.epicurious.com/recipes/food/views/tomato-cheddar-pie-56389874
365,0-249,https://www.epicurious.com/recipes/food/views/chicken-fried-steak-56389862
366,0-249,https://www.epicurious.com/recipes/food/views/tangy-grilled-cabbage-slaw-with-raisins-and-walnuts-56389814
367,0-249,https://www.epicurious.com/recipes/food/views/lime-cornmeal-bars-with-blueberry-glaze-56389815
368,0-249,https://www.epicurious.com/recipes/food/views/jordan-marsh-inspired-blueberry-muffins-56389811
369,0-249,https://www.epicurious.com/recipes/food/views/quick-chicken-tikka-masala-56389806
370,0-249,https://www.epicurious.com/recipes/food/views/broccoli-slaw-with-miso-ginger-dressing-56389809
371,0-249,https://www.epicurious.com/recipes/food/views/zucchini-noodles-with-anchovy-butter-56389802
372,0-249,https://www.epicurious.com/recipes/food/views/spaghetti-with-tuna-tomatoes-and-olives-56389800
373,0-249,https://www.epicurious.com/recipes/food/views/orecchiette-with-corn-basil-and-pine-nuts-56389797
374,0-249,https://www.epicurious.com/recipes/food/views/blueberry-streusel-cake-354217
375,0-249,https://www.epicurious.com/recipes/food/views/breakfast-hobo-packs-with-hash-brown-potatoes-sausage-and-scallions-56389750
376,0-249,https://www.epicurious.com/recipes/food/views/yogurt-peach-semifreddo-56389739
377,0-249,https://www.epicurious.com/recipes/food/views/garlic-curry-chicken-thighs-with-yogurt-sauce-56389736
378,0-249,https://www.epicurious.com/recipes/food/views/blueberry-pecan-galette-56389720
379,0-249,https://www.epicurious.com/recipes/food/views/iron-skillet-peach-crisp-56389711
380,0-249,https://www.epicurious.com/recipes/food/views/corn-and-fregola-with-grilled-halloumi-cheese-56389730
381,0-249,https://www.epicurious.com/recipes/food/views/lamb-chops-with-pistachio-salsa-verde-56389661
382,0-249,https://www.epicurious.com/recipes/food/views/our-favorite-key-lime-pie-56389684
383,0-249,https://www.epicurious.com/recipes/food/views/grilled-steak-vegetable-and-quinoa-salad-with-yogurt-tahini-dressing-56389685
384,0-249,https://www.epicurious.com/recipes/food/views/bibb-lettuce-chicken-and-cherry-salad-with-creamy-horseradish-dressing-56389687
385,0-249,https://www.epicurious.com/recipes/food/views/five-bean-salad-with-smoked-paprika-vinaigrette-56389686
386,0-249,https://www.epicurious.com/recipes/food/views/spicy-grilled-chicken-with-lemon-and-parsley-56389666
387,0-249,https://www.epicurious.com/recipes/food/views/sweet-and-spicy-ribs-56389655
388,0-249,https://www.epicurious.com/recipes/food/views/potato-salad-with-7-minute-eggs-and-mustard-vinaigrette-56389652
389,0-249,https://www.epicurious.com/recipes/food/views/linguine-with-green-olive-sauce-and-zesty-breadcrumbs-56389646
390,0-249,https://www.epicurious.com/recipes/food/views/garlic-and-herb-spatchcock-grilled-chicken-56389623
391,0-249,https://www.epicurious.com/recipes/food/views/pok-pok-style-hot-wings-with-peanuts-and-cilantro-56389618
392,0-249,https://www.epicurious.com/recipes/food/views/cauliflower-shawarma-56389615
393,0-249,https://www.epicurious.com/recipes/food/views/superfood-coconut-curry-salmon-salad-56389609
394,0-249,https://www.epicurious.com/recipes/food/views/old-fashioned-crumb-cake-232176
395,0-249,https://www.epicurious.com/recipes/food/views/rhubarb-pistachio-bundt-cake-with-rose-glaze-56389533
396,0-249,https://www.epicurious.com/recipes/food/views/four-corners-lentil-soup-56389518
397,0-249,https://www.epicurious.com/recipes/food/views/rosemary-pork-chops-56389503
398,0-249,https://www.epicurious.com/recipes/food/views/beet-risotto-56389492
399,0-249,https://www.epicurious.com/recipes/food/views/roasted-chicken-thighs-with-white-beans-lemon-and-capers-56389497
400,0-249,https://www.epicurious.com/recipes/food/views/our-favorite-spaghetti-and-meatballs-56389489
401,0-249,https://www.epicurious.com/recipes/food/views/breakfast-cookies-56389472
402,0-249,https://www.epicurious.com/recipes/food/views/coffee-coffee-coffee-cake-56389466
403,0-249,https://www.epicurious.com/recipes/food/views/shakshuka-with-red-peppers-and-cumin-56389454
404,0-249,https://www.epicurious.com/recipes/food/views/chicken-marbella-56389452
405,0-249,https://www.epicurious.com/recipes/food/views/no-knead-bread-56389453
406,0-249,https://www.epicurious.com/recipes/food/views/carrot-pizza-with-fontina-and-red-onion-56389448
407,0-249,https://www.epicurious.com/recipes/food/views/bucatini-with-sausage-and-peppers-56389445
408,0-249,https://www.epicurious.com/recipes/food/views/baked-mustard-crusted-salmon-with-asparagus-and-tarragon-56389444
409,0-249,https://www.epicurious.com/recipes/food/views/the-shrubarb-cocktail-56389442
410,0-249,https://www.epicurious.com/recipes/food/views/cauliflower-melts-56389416
411,0-249,https://www.epicurious.com/recipes/food/views/berry-and-ricotta-slice-56389417
412,0-249,https://www.epicurious.com/recipes/food/views/mediterranean-rice-noodles-56389410
413,0-249,https://www.epicurious.com/recipes/food/views/salmon-nicoise-56389407
414,0-249,https://www.epicurious.com/recipes/food/views/green-goddess-cobb-salad-56389408
415,0-249,https://www.epicurious.com/recipes/food/views/ragout-of-lamb-and-spring-vegetables-with-farro-56389406
416,0-249,https://www.epicurious.com/recipes/food/views/chile-cumin-lamb-meatballs-with-yogurt-and-cucumber-56389403
417,0-249,https://www.epicurious.com/recipes/food/views/rhubarb-almond-cake-56389380
418,0-249,https://www.epicurious.com/recipes/food/views/fregola-with-green-peas-mint-and-ricotta-56389369
419,0-249,https://www.epicurious.com/recipes/food/views/our-favorite-banana-bread-56389378
420,0-249,https://www.epicurious.com/recipes/food/views/fudgy-double-chocolate-brownies-56389363
421,0-249,https://www.epicurious.com/recipes/food/views/all-green-salad-with-citrus-vinaigrette-56389342
422,0-249,https://www.epicurious.com/recipes/food/views/crispy-potato-leek-kugel-56389339
423,0-249,https://www.epicurious.com/recipes/food/views/asparagus-and-two-cheese-quiche-with-hash-brown-crust-56389338
424,0-249,https://www.epicurious.com/recipes/food/views/coconut-milk-custard-with-strawberry-rhubarb-compote-56389341
425,0-249,https://www.epicurious.com/recipes/food/views/flourless-pistachio-cake-with-strawberry-meringue-56389337
426,0-249,https://www.epicurious.com/recipes/food/views/ultra-buttery-irish-scones-56389333
427,0-249,https://www.epicurious.com/recipes/food/views/spice-rubbed-pork-tenderloin-with-roasted-baby-carrots-352090
428,0-249,https://www.epicurious.com/recipes/food/views/avocado-cream-51264650
429,0-249,https://www.epicurious.com/recipes/food/views/five-spice-short-ribs-with-carrot-parsnip-puree-51255880
430,0-249,https://www.epicurious.com/recipes/food/views/pork-ragu-over-creamy-polenta-51264620
431,0-249,https://www.epicurious.com/recipes/food/views/our-favorite-french-onion-soup-51248680
432,0-249,https://www.epicurious.com/recipes/food/views/reginetti-with-savoy-cabbage-and-pancetta-51264250
433,0-249,https://www.epicurious.com/recipes/food/views/cauliflower-cashew-soup-with-crispy-buckwheat-51263890
434,0-249,https://www.epicurious.com/recipes/food/views/spicy-lamb-and-lentils-with-herbs-51264050
435,0-249,https://www.epicurious.com/recipes/food/views/almond-crusted-trout-with-white-grits-and-swiss-chard-51264220
436,0-249,https://www.epicurious.com/recipes/food/views/kale-minestrone-with-pistou-51264070
437,0-249,https://www.epicurious.com/recipes/food/views/raspberry-ricotta-cake-51264060
438,0-249,https://www.epicurious.com/recipes/food/views/your-new-favorite-pork-chops-51264230
439,0-249,https://www.epicurious.com/recipes/food/views/chicken-with-lemons-and-olives-emshmel-231572
440,0-249,https://www.epicurious.com/recipes/food/views/preserved-lemons-231570
441,0-249,https://www.epicurious.com/recipes/food/views/pan-roasted-halibut-with-herbed-corona-beans-51263770
442,0-249,https://www.epicurious.com/recipes/food/views/root-vegetable-tarte-tatin-51263490
443,0-249,https://www.epicurious.com/recipes/food/views/caramelized-garlic-spinach-and-cheddar-tart-51263670
444,0-249,https://www.epicurious.com/recipes/food/views/beef-bourguignonne-pot-pie-51263460
445,0-249,https://www.epicurious.com/recipes/food/views/cock-a-leekie-pie-51263480
446,0-249,https://www.epicurious.com/recipes/food/views/beer-braised-brisket-51263840
447,0-249,https://www.epicurious.com/recipes/food/views/gooey-brown-butter-blondies-with-pecans-51263720
448,0-249,https://www.epicurious.com/recipes/food/views/roast-brussels-sprouts-51263020
449,0-249,https://www.epicurious.com/recipes/food/views/chicken-tortilla-soup-51262770
450,0-249,https://www.epicurious.com/recipes/food/views/crock-pot-pulled-pork-tacos-51262190
451,0-249,https://www.epicurious.com/recipes/food/views/beef-and-broccoli-stir-fry-51262440
452,0-249,https://www.epicurious.com/recipes/food/views/epicurious-not-so-secret-sauce-51261820
453,0-249,https://www.epicurious.com/recipes/food/views/classic-smashed-cheeseburger-51261810
454,0-249,https://www.epicurious.com/recipes/food/views/quick-marinated-skirt-steak-with-sriracha-potatoes-and-spinach-51261040
455,0-249,https://www.epicurious.com/recipes/food/views/miso-carbonara-with-broccoli-rabe-and-red-pepper-flakes-51261020
456,0-249,https://www.epicurious.com/recipes/food/views/roasted-hot-honey-shrimp-with-bok-choy-and-kimchi-rice-51261050
457,0-249,https://www.epicurious.com/recipes/food/views/pretzel-crusted-chicken-cutlets-with-cauliflower-puree-and-arugula-51261210
458,0-249,https://www.epicurious.com/recipes/food/views/beef-bone-broth-51260700
459,0-249,https://www.epicurious.com/recipes/food/views/detox-pho-with-beef-mushrooms-and-kale-51260370
460,0-249,https://www.epicurious.com/recipes/food/views/roasted-and-charred-broccoli-with-peanuts-51260420
461,0-249,https://www.epicurious.com/recipes/food/views/pasta-with-anchovy-butter-and-broccoli-rabe-51260230
462,0-249,https://www.epicurious.com/recipes/food/views/weeknight-porchetta-51260410
463,0-249,https://www.epicurious.com/recipes/food/views/the-smoky-robinson-51258210
464,0-249,https://www.epicurious.com/recipes/food/views/beer-battered-onion-rings-51259730
465,0-249,https://www.epicurious.com/recipes/food/views/our-favorite-latkes-51259720
466,0-249,https://www.epicurious.com/recipes/food/views/beef-and-squash-chili-51259220
467,0-249,https://www.epicurious.com/recipes/food/views/salt-and-pepper-shrimp-51259240
468,0-249,https://www.epicurious.com/recipes/food/views/smoky-turkey-corn-chowder-with-bacon-51255640
469,0-249,https://www.epicurious.com/recipes/food/views/buttermilk-fried-chicken-fingers-51258410
470,0-249,https://www.epicurious.com/recipes/food/views/maple-roasted-delicata-squash-with-red-onion-51258430
471,0-249,https://www.epicurious.com/recipes/food/views/torta-di-ricotta-e-polenta-51258610
472,0-249,https://www.epicurious.com/recipes/food/views/sausage-with-sauerkraut-apples-and-bok-choy-51254430
473,0-249,https://www.epicurious.com/recipes/food/views/my-favorite-roast-turkey-51258050
474,0-249,https://www.epicurious.com/recipes/food/views/our-favorite-macaroni-and-cheese-51255890
475,0-249,https://www.epicurious.com/recipes/food/views/peking-style-roast-turkey-with-molasses-soy-glaze-and-orange-ginger-gravy-51252590
476,0-249,https://www.epicurious.com/recipes/food/views/tea-brined-buttermilk-fried-chicken-and-gravy-51257610
477,0-249,https://www.epicurious.com/recipes/food/views/raspberry-cream-cheese-brownies-51256870
478,0-249,https://www.epicurious.com/recipes/food/views/meyer-lemon-bars-51256850
479,0-249,https://www.epicurious.com/recipes/food/views/spiced-sweet-potato-bundt-cake-51256680
480,0-249,https://www.epicurious.com/recipes/food/views/roasted-acorn-and-delicata-squash-salad-51256520
481,0-249,https://www.epicurious.com/recipes/food/views/melty-chocolate-truffle-cookies-51256670
482,0-249,https://www.epicurious.com/recipes/food/views/no-noodle-pad-thai-51255630
483,0-249,https://www.epicurious.com/recipes/food/views/extra-buttery-mashed-spuds-51255540
484,0-249,https://www.epicurious.com/recipes/food/views/-candy-corn-pumpkin-blondies-51254510
485,0-249,https://www.epicurious.com/recipes/food/views/salted-butter-apple-galette-with-maple-whipped-cream-51255600
486,0-249,https://www.epicurious.com/recipes/food/views/turkey-posole-51255500
487,0-249,https://www.epicurious.com/recipes/food/views/crispy-jerusalem-artichokes-with-aged-balsamic-51255110
488,0-249,https://www.epicurious.com/recipes/food/views/spatchcocked-turkey-with-anise-and-orange-51255070
489,0-249,https://www.epicurious.com/recipes/food/views/tahini-cookies-51255450
490,0-249,https://www.epicurious.com/recipes/food/views/broiled-salmon-steaks-51255490
491,0-249,https://www.epicurious.com/recipes/food/views/harissa-and-maple-roasted-carrots-51255090
492,0-249,https://www.epicurious.com/recipes/food/views/honey-roasted-carrots-with-tahini-yogurt-51254840
493,0-249,https://www.epicurious.com/recipes/food/views/sweet-potatoes-with-orange-bitters-51254470
494,0-249,https://www.epicurious.com/recipes/food/views/cauliflower-cake-51254830
495,0-249,https://www.epicurious.com/recipes/food/views/roasted-beer-and-lime-cauliflower-tacos-with-cilantro-coleslaw-51253830
496,0-249,https://www.epicurious.com/recipes/food/views/our-favorite-lasagna-with-sausage-spinach-and-three-cheeses-51253440
497,0-249,https://www.epicurious.com/recipes/food/views/orange-olive-oil-pound-cake-51253040
498,0-249,https://www.epicurious.com/recipes/food/views/green-beans-with-shallots-hazelnuts-and-tarragon-51252890
499,0-249,https://www.epicurious.com/recipes/food/views/salted-chocolate-caramel-tart-51252880
500,0-249,https://www.epicurious.com/recipes/food/views/-pumpkin-gruyere-gratin-with-thyme-51252910
501,0-249,https://www.epicurious.com/recipes/food/views/-halibut-confit-with-leeks-coriander-and-lemon-51252690
502,0-249,https://www.epicurious.com/recipes/food/views/buttermilk-oven-fried-chicken-51252460
503,0-249,https://www.epicurious.com/recipes/food/views/butternut-squash-lasagna-rolls-51252500
504,0-249,https://www.epicurious.com/recipes/food/views/fennel-celery-and-pomegranate-salad-51252710
505,0-249,https://www.epicurious.com/recipes/food/views/roast-chicken-with-potatoes-and-olives-51252610
506,0-249,https://www.epicurious.com/recipes/food/views/aleppo-pepper-roasted-pork-with-shallot-vinaigrette-51252700
507,0-249,https://www.epicurious.com/recipes/food/views/quick-pork-pho-51252620
508,0-249,https://www.epicurious.com/recipes/food/views/noodle-less-zucchini-lasagna-51252310
509,0-249,https://www.epicurious.com/recipes/food/views/sweet-n-spicy-sriracha-glazed-salmon-51252440
510,0-249,https://www.epicurious.com/recipes/food/views/turkish-coffee-rubbed-brisket-51250890
511,0-249,https://www.epicurious.com/recipes/food/views/our-favorite-cinnamon-rolls-51251020
512,0-249,https://www.epicurious.com/recipes/food/views/chocolate-fudge-layer-cake-51250810
513,0-249,https://www.epicurious.com/recipes/food/views/linguine-al-limone-with-grilled-chia-chicken-meatballs-51250020
514,0-249,https://www.epicurious.com/recipes/food/views/creamy-chia-coconut-ginger-carrot-soup-51250210
515,0-249,https://www.epicurious.com/recipes/food/views/sweet-potato-bread-with-caramel-and-aleppo-spiced-pecans-51249830
516,0-249,https://www.epicurious.com/recipes/food/views/butternut-squash-kale-and-crunchy-pepitas-taco-51249020
517,0-249,https://www.epicurious.com/recipes/food/views/our-favorite-apple-pie-51248690
518,0-249,https://www.epicurious.com/recipes/food/views/our-favorite-texas-beef-chili-51249010
519,0-249,https://www.epicurious.com/recipes/food/views/cioppino-seafood-stew-with-gremolata-toasts-51248830
520,0-249,https://www.epicurious.com/recipes/food/views/coriander-chicken-thighs-with-miso-glazed-root-vegetables-51248820
521,0-249,https://www.epicurious.com/recipes/food/views/arepas-51245240
522,0-249,https://www.epicurious.com/recipes/food/views/rosas-biscuits-51247410
523,0-249,https://www.epicurious.com/recipes/food/views/forager-sandwich-51248210
524,0-249,https://www.epicurious.com/recipes/food/views/marinated-tofu-with-peanuts-and-charred-bean-sprouts-51245230
525,0-249,https://www.epicurious.com/recipes/food/views/thai-celery-salad-with-peanuts-51246010
526,0-249,https://www.epicurious.com/recipes/food/views/celery-soup-51246210
527,0-249,https://www.epicurious.com/recipes/food/views/crispy-shaken-potatoes-with-rosemary-51244610
528,0-249,https://www.epicurious.com/recipes/food/views/homemade-ricotta-cheese-51244020
529,0-249,https://www.epicurious.com/recipes/food/views/corn-jalapeno-fritters-51242020
530,0-249,https://www.epicurious.com/recipes/food/views/perfect-fish-tacos-51241860
531,0-249,https://www.epicurious.com/recipes/food/views/corn-and-zucchini-salad-with-feta-51242120
532,0-249,https://www.epicurious.com/recipes/food/views/linguine-with-burst-tomatoes-and-chiles-51242220
533,0-249,https://www.epicurious.com/recipes/food/views/watermelon-gazpacho-with-feta-crema-51242100
534,0-249,https://www.epicurious.com/recipes/food/views/spicy-lobster-pasta-51241830
535,0-249,https://www.epicurious.com/recipes/food/views/zaatar-roast-chicken-with-green-tahini-sauce-51241990
536,0-249,https://www.epicurious.com/recipes/food/views/rice-salad-with-fava-beans-and-pistachios-51242140
537,0-249,https://www.epicurious.com/recipes/food/views/red-white-and-blueberry-pie-51241610
538,0-249,https://www.epicurious.com/recipes/food/views/linguine-with-grilled-tuna-capers-and-parsley-51241210
539,0-249,https://www.epicurious.com/recipes/food/views/charred-and-raw-corn-with-chile-and-cheese-51239700
540,0-249,https://www.epicurious.com/recipes/food/views/gochujang-pork-shoulder-steaks-51239730
541,0-249,https://www.epicurious.com/recipes/food/views/spiced-lamb-burger-51239660
542,0-249,https://www.epicurious.com/recipes/food/views/moroccan-chicken-brochettes-51239640
543,0-249,https://www.epicurious.com/recipes/food/views/-chickpea-barley-and-feta-salad-51239040
544,0-249,https://www.epicurious.com/recipes/food/views/shrimp-with-fresh-corn-grits-51238350
545,0-249,https://www.epicurious.com/recipes/food/views/grilled-flatiron-steak-with-toasted-spice-vinaigrette-51239420
546,0-249,https://www.epicurious.com/recipes/food/views/grilled-moroccan-spiced-pork-tenderloin-51239020
547,0-249,https://www.epicurious.com/recipes/food/views/cherry-buttermilk-clafoutis-51238290
548,0-249,https://www.epicurious.com/recipes/food/views/spicy-roasted-cauliflower-with-sriracha-and-sesame-51238830
549,0-249,https://www.epicurious.com/recipes/food/views/mushroom-and-brown-rice-veggie-burger-51238470
550,0-249,https://www.epicurious.com/recipes/food/views/salmon-with-sriracha-sauce-and-lime-51238260
551,0-249,https://www.epicurious.com/recipes/food/views/-fried-chicken-51238060
552,0-249,https://www.epicurious.com/recipes/food/views/tortilla-crusted-tilapia-51238050
553,0-249,https://www.epicurious.com/recipes/food/views/lemongrass-pork-patties-with-vietnamese-dipping-sauce-51237010
554,0-249,https://www.epicurious.com/recipes/food/views/spiced-middle-eastern-lamb-patties-with-pita-and-yogurt-51237020
555,0-249,https://www.epicurious.com/recipes/food/views/german-potato-salad-with-dill-51236500
556,0-249,https://www.epicurious.com/recipes/food/views/spaghetti-with-tomatoes-and-anchovy-butter-51236630
557,0-249,https://www.epicurious.com/recipes/food/views/scallops-with-hazelnuts-and-warm-sun-gold-tomatoes-51235860
558,0-249,https://www.epicurious.com/recipes/food/views/simplest-asian-dressing-51236240
559,0-249,https://www.epicurious.com/recipes/food/views/classic-coleslaw-51235880
560,0-249,https://www.epicurious.com/recipes/food/views/lemon-cake-with-raspberries-and-pistachios-51236290
561,0-249,https://www.epicurious.com/recipes/food/views/sour-cherry-pie-51236300
562,0-249,https://www.epicurious.com/recipes/food/views/nashville-style-hot-chicken-51236260
563,0-249,https://www.epicurious.com/recipes/food/views/butter-basted-salmon-with-hazelnut-relish-51236430
564,0-249,https://www.epicurious.com/recipes/food/views/carrot-pancakes-with-salted-yogurt-51236280
565,0-249,https://www.epicurious.com/recipes/food/views/flourless-oatmeal-chocolate-chunk-cookies-51236040
566,0-249,https://www.epicurious.com/recipes/food/views/fried-chicken-and-waffle-sandwich-with-potato-salad-and-collard-slaw-51234680
567,0-249,https://www.epicurious.com/recipes/food/views/fettuccine-with-shiitakes-and-asparagus-51234880
568,0-249,https://www.epicurious.com/recipes/food/views/roast-lamb-with-artichokes-and-lemons-51234640
569,0-249,https://www.epicurious.com/recipes/food/views/grilled-chicken-with-arugula-and-warm-chickpeas-51234650
570,0-249,https://www.epicurious.com/recipes/food/views/crispy-salt-and-vinegar-potatoes-51234270
571,0-249,https://www.epicurious.com/recipes/food/views/rosemary-and-thyme-braised-lamb-shoulder-51233210
572,0-249,https://www.epicurious.com/recipes/food/views/radicchio-fennel-and-olive-panzanella-51232210
573,0-249,https://www.epicurious.com/recipes/food/views/noodle-salad-with-chicken-and-chile-scallion-oil-51232420
574,0-249,https://www.epicurious.com/recipes/food/views/fish-stew-with-fennel-and-baby-potatoes-51232040
575,0-249,https://www.epicurious.com/recipes/food/views/basil-pesto-51231620
576,0-249,https://www.epicurious.com/recipes/food/views/swiss-chard-and-mushroom-galette-51231660
577,0-249,https://www.epicurious.com/recipes/food/views/roast-pork-tenderloin-with-carrot-romesco-51231850
578,0-249,https://www.epicurious.com/recipes/food/views/crispy-salt-and-pepper-chicken-with-caramelized-fennel-and-shallots-51230420
579,0-249,https://www.epicurious.com/recipes/food/views/klobasnek-em-sausage-kolaches-em-51230810
580,0-249,https://www.epicurious.com/recipes/food/views/nutella-pie-51229210
581,0-249,https://www.epicurious.com/recipes/food/views/roasted-broccolini-with-winey-mushrooms-51226810
582,0-249,https://www.epicurious.com/recipes/food/views/charred-brussels-sprouts-with-pancetta-and-fig-glaze-51226820
583,0-249,https://www.epicurious.com/recipes/food/views/slow-cooked-salmon-chickpeas-and-greens-51224050
584,0-249,https://www.epicurious.com/recipes/food/views/sunday-sauce-with-sausage-and-braciole-51223920
585,0-249,https://www.epicurious.com/recipes/food/views/herbed-faux-tisserie-chicken-and-potatoes-51224020
586,0-249,https://www.epicurious.com/recipes/food/views/herbed-feta-dip-51223620
587,0-249,https://www.epicurious.com/recipes/food/views/roasted-shrimp-with-chile-gremolata-51223810
588,0-249,https://www.epicurious.com/recipes/food/views/lamb-stir-fry-with-pomegranate-and-yogurt-51223820
589,0-249,https://www.epicurious.com/recipes/food/views/slow-roasted-pork-shoulder-with-mustard-and-sage-51224010
590,0-249,https://www.epicurious.com/recipes/food/views/chocolate-coconut-pound-cake-51223990
591,0-249,https://www.epicurious.com/recipes/food/views/royal-street-red-beans-51224230
592,0-249,https://www.epicurious.com/recipes/food/views/massaman-chicken-51223860
593,0-249,https://www.epicurious.com/recipes/food/views/short-rib-pot-pie-51223890
594,0-249,https://www.epicurious.com/recipes/food/views/spicy-kimchi-tofu-stew-51223900
595,0-249,https://www.epicurious.com/recipes/food/views/charred-eggplant-and-tahini-spread-51223610
596,0-249,https://www.epicurious.com/recipes/food/views/orange-upside-down-cake-51264670
597,0-249,https://www.epicurious.com/recipes/food/views/flaky-bread-51223210
598,0-249,https://www.epicurious.com/recipes/food/views/salted-caramel-pots-de-creme-51221810
599,0-249,https://www.epicurious.com/recipes/food/views/easy-pad-thai-51222610
600,0-249,https://www.epicurious.com/recipes/food/views/korean-steak-tacos-51221610
601,0-249,https://www.epicurious.com/recipes/food/views/carbonara-em-guanciale-egg-and-pecorino-romano-em-51221420
602,0-249,https://www.epicurious.com/recipes/food/views/shakshuka-51220220
603,0-249,https://www.epicurious.com/recipes/food/views/curry-coconut-shrimp-51220020
604,0-249,https://www.epicurious.com/recipes/food/views/steak-with-red-wine-mushroom-sauce-51219610
605,0-249,https://www.epicurious.com/recipes/food/views/vegetable-enchiladas-51219620
606,0-249,https://www.epicurious.com/recipes/food/views/tuscan-lasagna-51219410
607,0-249,https://www.epicurious.com/recipes/food/views/glazed-chocolate-creme-fraiche-cookies-51214720
608,0-249,https://www.epicurious.com/recipes/food/views/darkest-chocolate-cake-with-red-wine-glaze-51214740
609,0-249,https://www.epicurious.com/recipes/food/views/macaroni-and-cheese-51218810
610,0-249,https://www.epicurious.com/recipes/food/views/sesame-crusted-salmon-51217620
611,0-249,https://www.epicurious.com/recipes/food/views/cinnamon-apple-scones-51217030
612,0-249,https://www.epicurious.com/recipes/food/views/vegan-chili-51216410
613,0-249,https://www.epicurious.com/recipes/food/views/skirt-steak-fajitas-with-grilled-cabbage-and-scallions-51214630
614,0-249,https://www.epicurious.com/recipes/food/views/creamy-queso-with-chorizo-51214850
615,0-249,https://www.epicurious.com/recipes/food/views/chicken-and-dumplings-with-mushrooms-51214640
616,0-249,https://www.epicurious.com/recipes/food/views/pork-and-squash-stew-with-chiles-51214660
617,0-249,https://www.epicurious.com/recipes/food/views/citrus-salad-with-fennel-vinaigrette-51214510
618,0-249,https://www.epicurious.com/recipes/food/views/fennel-crusted-pork-chops-with-potatoes-and-shallots-51214810
619,0-249,https://www.epicurious.com/recipes/food/views/parmesan-roasted-potatoes-51214520
620,0-249,https://www.epicurious.com/recipes/food/views/dark-chocolate-waffles-51215050
621,0-249,https://www.epicurious.com/recipes/food/views/thai-beef-stew-with-lemongrass-and-noodles-51214670
622,0-249,https://www.epicurious.com/recipes/food/views/winter-squash-carbonara-with-pancetta-and-sage-51214610
623,0-249,https://www.epicurious.com/recipes/food/views/indian-spiced-chicken-with-tomato-and-cream-51214470
624,0-249,https://www.epicurious.com/recipes/food/views/spicy-beans-with-wilted-greens-51214650
625,0-249,https://www.epicurious.com/recipes/food/views/egg-kale-and-tomato-breakfast-wraps-with-hummus-51213010
626,0-249,https://www.epicurious.com/recipes/food/views/black-and-wild-rice-salad-with-roasted-squash-51210250
627,0-249,https://www.epicurious.com/recipes/food/views/fennel-rubbed-pork-roast-51210080
628,0-249,https://www.epicurious.com/recipes/food/views/nutty-grain-and-oat-bars-51210030
629,0-249,https://www.epicurious.com/recipes/food/views/canal-house-lentils-51210410
630,0-249,https://www.epicurious.com/recipes/food/views/spicy-pork-and-mustard-green-soup-51210260
631,0-249,https://www.epicurious.com/recipes/food/views/toasted-spelt-soup-with-escarole-and-white-beans-51210020
632,0-249,https://www.epicurious.com/recipes/food/views/poached-cod-with-tomato-and-saffron-51210480
633,0-249,https://www.epicurious.com/recipes/food/views/slow-roasted-salmon-with-fennel-citrus-and-chiles-51210470
634,0-249,https://www.epicurious.com/recipes/food/views/chocolate-brownie-cookies-51210520
635,0-249,https://www.epicurious.com/recipes/food/views/pan-roasted-chicken-with-harissa-chickpeas-51209850
636,0-249,https://www.epicurious.com/recipes/food/views/basic-clafoutis-51208430
637,0-249,https://www.epicurious.com/recipes/food/views/kale-pesto-with-toasted-walnuts-51207810
638,0-249,https://www.epicurious.com/recipes/food/views/perfect-pork-chops-51206430
639,0-249,https://www.epicurious.com/recipes/food/views/shrimp-pad-thai-for-two-51206850
640,0-249,https://www.epicurious.com/recipes/food/views/shrimp-pad-thai-for-four-51206860
641,0-249,https://www.epicurious.com/recipes/food/views/chunky-red-chili-51206840
642,0-249,https://www.epicurious.com/recipes/food/views/chicken-breast-with-orange-and-gaeta-olives-em-pollo-con-olive-ed-aranci-em-51206040
643,0-249,https://www.epicurious.com/recipes/food/views/spicy-glazed-pork-ribs-51205120
644,0-249,https://www.epicurious.com/recipes/food/views/roasted-almond-thumbprints-51205400
645,0-249,https://www.epicurious.com/recipes/food/views/lamb-pot-roast-with-oranges-and-olives-51205470
646,0-249,https://www.epicurious.com/recipes/food/views/christina-tosis-christmas-treats-51205030
647,0-249,https://www.epicurious.com/recipes/food/views/cavatelli-with-pork-ragu-51205230
648,0-249,https://www.epicurious.com/recipes/food/views/toasted-coconut-waffles-51205240
649,0-249,https://www.epicurious.com/recipes/food/views/baked-french-toast-with-pecan-crumble-51205040
650,0-249,https://www.epicurious.com/recipes/food/views/soba-and-maitake-mushrooms-in-soy-broth-51205280
651,0-249,https://www.epicurious.com/recipes/food/views/pan-seared-sausage-with-lady-apples-and-watercress-51205270
652,0-249,https://www.epicurious.com/recipes/food/views/salted-honey-and-chocolate-bark-51205620
653,0-249,https://www.epicurious.com/recipes/food/views/pork-shoulder-aldiavolo-51205450
654,0-249,https://www.epicurious.com/recipes/food/views/ultimate-sugar-cookies-51205370
655,0-249,https://www.epicurious.com/recipes/food/views/chocolate-pistachio-sables-51205610
656,0-249,https://www.epicurious.com/recipes/food/views/bourbon-sea-salt-caramels-51205540
657,0-249,https://www.epicurious.com/recipes/food/views/white-beans-with-broccoli-rabe-and-lemon-51205290
658,0-249,https://www.epicurious.com/recipes/food/views/mustard-crusted-branzino-51205300
659,0-249,https://www.epicurious.com/recipes/food/views/belgian-ale-braised-brisket-51205460
660,0-249,https://www.epicurious.com/recipes/food/views/chewy-molasses-cookies-51205630
661,0-249,https://www.epicurious.com/recipes/food/views/sweet-and-sour-brussels-sprouts-51205010
662,0-249,https://www.epicurious.com/recipes/food/views/portobello-mushrooms-with-white-beans-and-prosciutto-51203820
663,0-249,https://www.epicurious.com/recipes/food/views/eggplant-with-lentils-and-goat-cheese-51204210
664,0-249,https://www.epicurious.com/recipes/food/views/acorn-squash-with-kale-and-sausage-51203850
665,0-249,https://www.epicurious.com/recipes/food/views/sweet-potatoes-with-cuban-style-beef-picadillo-51203840
666,0-249,https://www.epicurious.com/recipes/food/views/apple-crisp-51203860
667,0-249,https://www.epicurious.com/recipes/food/views/puerto-rican-coconut-eggnog-em-coquito-em-51203620
668,0-249,https://www.epicurious.com/recipes/food/views/upstate-chili-51201610
669,0-249,https://www.epicurious.com/recipes/food/views/juniors-sponge-cake-crust-51200460
670,0-249,https://www.epicurious.com/recipes/food/views/original-new-york-cheesecake-51200640
671,0-249,https://www.epicurious.com/recipes/food/views/praline-french-toast-bread-pudding-51200810
672,0-249,https://www.epicurious.com/recipes/food/views/savory-oatmeal-with-a-basted-egg-51200610
673,0-249,https://www.epicurious.com/recipes/food/views/banana-bread-51200430
674,0-249,https://www.epicurious.com/recipes/food/views/5-minute-protein-truffles-51200210
675,0-249,https://www.epicurious.com/recipes/food/views/wild-rice-farro-and-tangerine-salad-51198520
676,0-249,https://www.epicurious.com/recipes/food/views/yeasted-brown-butter-waffles-51198490
677,0-249,https://www.epicurious.com/recipes/food/views/butter-roasted-turkey-breasts-51198510
678,0-249,https://www.epicurious.com/recipes/food/views/roasted-cauliflower-with-lemon-parsley-dressing-51198450
679,0-249,https://www.epicurious.com/recipes/food/views/bruleed-bourbon-maple-pumpkin-pie-51198720
680,0-249,https://www.epicurious.com/recipes/food/views/the-new-england-express-51198920
681,0-249,https://www.epicurious.com/recipes/food/views/cornbread-with-caramelized-apples-and-onions-51198760
682,0-249,https://www.epicurious.com/recipes/food/views/braised-turkey-legs-51198500
683,0-249,https://www.epicurious.com/recipes/food/views/carrot-coconut-soup-51198430
684,0-249,https://www.epicurious.com/recipes/food/views/pork-tenderloin-with-date-and-cilantro-relish-51198460
685,0-249,https://www.epicurious.com/recipes/food/views/bucatini-with-butter-roasted-tomato-sauce-51198650
686,0-249,https://www.epicurious.com/recipes/food/views/thai-beef-with-basil-51198660
687,0-249,https://www.epicurious.com/recipes/food/views/black-bean-soup-with-roasted-poblano-chiles-51198480
688,0-249,https://www.epicurious.com/recipes/food/views/sweet-potato-chickpea-quinoa-burgers-51196430
689,0-249,https://www.epicurious.com/recipes/food/views/duck-egg-cake-with-rosemary-51197420
690,0-249,https://www.epicurious.com/recipes/food/views/turkey-enchiladas-51197020
691,0-249,https://www.epicurious.com/recipes/food/views/turkey-gumbo-51197030
692,0-249,https://www.epicurious.com/recipes/food/views/french-buttercream-51196420
693,0-249,https://www.epicurious.com/recipes/food/views/tarte-tatin-51196820
694,0-249,https://www.epicurious.com/recipes/food/views/california-barley-bowl-with-lemony-yogurt-sauce-51195840
695,0-249,https://www.epicurious.com/recipes/food/views/greens-and-grains-scramble-51195250
696,0-249,https://www.epicurious.com/recipes/food/views/gialinas-kale-farro-salad-with-avocado-51193750
697,0-249,https://www.epicurious.com/recipes/food/views/tads-roasted-potatoes-51193840
698,0-249,https://www.epicurious.com/recipes/food/views/gougeres-51193870
699,0-249,https://www.epicurious.com/recipes/food/views/poulet-vallee-dauge-51193440
700,0-249,https://www.epicurious.com/recipes/food/views/gateau-breton-aux-pommes-51193460
701,0-249,https://www.epicurious.com/recipes/food/views/cider-brined-pork-roast-with-potatoes-and-onions-51193660
702,0-249,https://www.epicurious.com/recipes/food/views/eggplant-parmesan-with-fresh-mozzarella-51193670
703,0-249,https://www.epicurious.com/recipes/food/views/cod-with-lemon-green-olive-and-onion-relish-51193850
704,0-249,https://www.epicurious.com/recipes/food/views/burnt-caramel-custards-51193860
705,0-249,https://www.epicurious.com/recipes/food/views/duck-confit-with-spicy-pickled-raisins-51193810
706,0-249,https://www.epicurious.com/recipes/food/views/lasagne-bolognese-51193620
707,0-249,https://www.epicurious.com/recipes/food/views/old-school-garlic-bread-51193650
708,0-249,https://www.epicurious.com/recipes/food/views/roasted-pear-crumble-51193110
709,0-249,https://www.epicurious.com/recipes/food/views/portuguese-baked-eggs-51193210
710,0-249,https://www.epicurious.com/recipes/food/views/caramel-chicken-51193220
711,0-249,https://www.epicurious.com/recipes/food/views/roast-salmon-and-broccoli-with-chile-caper-vinaigrette-51193100
712,0-249,https://www.epicurious.com/recipes/food/views/tamarind-braised-short-ribs-with-truffle-sunchoke-puree-watercress-puree-and-glazed-chanterelle-mushrooms-51192810
713,0-249,https://www.epicurious.com/recipes/food/views/peanut-butter-pie-51192420
714,0-249,https://www.epicurious.com/recipes/food/views/roast-chicken-with-carrots-51192210
715,0-249,https://www.epicurious.com/recipes/food/views/carrot-cake-with-cream-cheese-frosting-51191810
716,0-249,https://www.epicurious.com/recipes/food/views/zucchini-lasagna-51191410
717,0-249,https://www.epicurious.com/recipes/food/views/arroz-con-pollo-51190840
718,0-249,https://www.epicurious.com/recipes/food/views/arugula-potato-and-green-bean-salad-with-walnut-dressing-51190410
719,0-249,https://www.epicurious.com/recipes/food/views/chickpea-curry-with-roasted-cauliflower-and-tomatoes-51190620
720,0-249,https://www.epicurious.com/recipes/food/views/spaghetti-with-burst-cherry-tomatoes-51189630
721,0-249,https://www.epicurious.com/recipes/food/views/lemon-paprika-roasted-salmon-51189020
722,0-249,https://www.epicurious.com/recipes/food/views/sweet-potato-and-kale-pizza-51188430
723,0-249,https://www.epicurious.com/recipes/food/views/corn-fritters-with-spicy-zucchini-salsa-51188440
724,0-249,https://www.epicurious.com/recipes/food/views/roasted-brussels-sprout-and-apple-salad-51188450
725,0-249,https://www.epicurious.com/recipes/food/views/apple-pithivier-51189050
726,0-249,https://www.epicurious.com/recipes/food/views/extreme-makeover-chicken-salad-sammy-51188210
727,0-249,https://www.epicurious.com/recipes/food/views/sun-dried-tomato-and-broccoli-pasta-51188620
728,0-249,https://www.epicurious.com/recipes/food/views/orecchiette-carbonara-with-charred-brussels-sprouts-51187460
729,0-249,https://www.epicurious.com/recipes/food/views/beet-ginger-and-coconut-milk-soup-51188420
730,0-249,https://www.epicurious.com/recipes/food/views/striped-bass-with-lime-broth-51187320
731,0-249,https://www.epicurious.com/recipes/food/views/tom-kha-gai-em-chicken-coconut-soup-em-51187240
732,0-249,https://www.epicurious.com/recipes/food/views/peach-galette-51185810
733,0-249,https://www.epicurious.com/recipes/food/views/pasta-with-chorizo-and-chickpeas-51187050
734,0-249,https://www.epicurious.com/recipes/food/views/celery-salad-with-dates-almonds-and-parmesan-51187160
735,0-249,https://www.epicurious.com/recipes/food/views/edamame-fried-rice-51186610
736,0-249,https://www.epicurious.com/recipes/food/views/kale-chips-51186450
737,0-249,https://www.epicurious.com/recipes/food/views/old-fashioned-meat-loaf-51186430
738,0-249,https://www.epicurious.com/recipes/food/views/mexican-fiesta-casserole-51186420
739,0-249,https://www.epicurious.com/recipes/food/views/roast-chicken-with-saffron-hazelnuts-and-honey-51184640
740,0-249,https://www.epicurious.com/recipes/food/views/apple-and-olive-oil-cake-with-maple-icing-51184830
741,0-249,https://www.epicurious.com/recipes/food/views/cubano-51185440
742,0-249,https://www.epicurious.com/recipes/food/views/faux-tart-with-instant-lemon-ginger-custard-51185230
743,0-249,https://www.epicurious.com/recipes/food/views/creamy-green-gazpacho-51185630
744,0-249,https://www.epicurious.com/recipes/food/views/white-chili-51181220
745,0-249,https://www.epicurious.com/recipes/food/views/skillet-mac-and-cheese-51182830
746,0-249,https://www.epicurious.com/recipes/food/views/deep-fried-tarantula-spider-51184810
747,0-249,https://www.epicurious.com/recipes/food/views/sweet-and-spicy-peanut-noodles-51183640
748,0-249,https://www.epicurious.com/recipes/food/views/summery-confetti-salad-51183680
749,0-249,https://www.epicurious.com/recipes/food/views/farmers-market-pappardelle-51174410
750,0-249,https://www.epicurious.com/recipes/food/views/ranch-dressing-51182850
751,0-249,https://www.epicurious.com/recipes/food/views/russian-dressing-51182860
752,0-249,https://www.epicurious.com/recipes/food/views/blender-mayonnaise-51183000
753,0-249,https://www.epicurious.com/recipes/food/views/simple-lemon-vinaigrette-51183020
754,0-249,https://www.epicurious.com/recipes/food/views/grilled-street-corn-salad-with-cilantro-butter-shrimp-pico-de-gallo-and-avocado-puree-51180800
755,0-249,https://www.epicurious.com/recipes/food/views/mahi-mahi-fish-tacos-with-chipotle-slaw-and-roasted-pineapple-sauce-51180230
756,0-249,https://www.epicurious.com/recipes/food/views/minestrone-salad-51180400
757,0-249,https://www.epicurious.com/recipes/food/views/kung-pao-chicken-51179600
758,0-249,https://www.epicurious.com/recipes/food/views/scallops-with-herbed-brown-butter-51178680
759,0-249,https://www.epicurious.com/recipes/food/views/creamy-summer-slaw-51178860
760,0-249,https://www.epicurious.com/recipes/food/views/pickled-nectarine-salad-with-burrata-51178630
761,0-249,https://www.epicurious.com/recipes/food/views/quinoa-salad-with-peaches-and-pickled-onions-51178670
762,0-249,https://www.epicurious.com/recipes/food/views/coffee-marinated-skirt-steak-51178610
763,0-249,https://www.epicurious.com/recipes/food/views/mussels-with-white-wine-51179400
